household_id,category_name,category_id,category_group_id,category_group_name,system_category_name
148897060694013918,Apps,149089908207924809,149096355752851044,Entertainment & Apps,
148897060694013918,Babysitting,149095394634380302,149096277569975907,Kids,
148897060694013918,Brad Discretionary,149095205198640136,148897060755878986,Shopping,
148897060694013918,Business Debt Payments,149908164734891842,149908091639706831,Business Financial,
148897060694013918,Business Subscriptions,149172569398065095,149097101323941479,Business Subscriptions,
148897060694013918,Car Payment,148897060793628204,148897060749587525,Auto & Transport,Auto Payment
148897060694013918,Child Care,148897060830328390,148897060756927563,Children,Child Care
148897060694013918,Dry Cleaning,149094967187616771,149096368478369381,Personal Care,
148897060694013918,Gifts,148897060792579627,148897060748538948,Gifts & Donations,Gifts
148897060694013918,Groceries & Home Supplies,148897060811454010,148897060752733256,Food & Dining,Groceries
148897060694013918,Home Improvement,148897060804113972,148897060750636102,Home care and Furnishing,Home Improvement
148897060694013918,Lodging,149097141308241170,149097162043831913,Business Travel,
148897060694013918,Lodging,148897060815648317,148897060754830409,Personal Travel,Travel & Vacation
148897060694013918,Marketing/Advertising,148897060854445654,148897060763219024,Business Services,Advertising & Promotion
148897060694013918,Medicine/Drugs/Vitamins,148897060836619850,148897060759024717,Health & Fitness,Medical
148897060694013918,Other Income,148897060789433897,149094407436776962,Income,Other Income
148897060694013918,Personal debt Payments,148897060840814157,148897060761121870,Personal Financial,Loan Repayment
148897060694013918,Pet Food & Supplies,149095128234210310,149096232487499362,Pets,
148897060694013918,Student Loans,148897060833474120,148897060757976140,Education,Student Loans
148897060694013918,Transfer,148897060865979999,148897060762170447,Other,Transfer
148897060694013918,Uncategorized,148897060850251347,148897060762170447,Other,Uncategorized
148897060694013918,Water/Sewer/Trash,148897060805162549,148897060751684679,Bills & Utilities,Garbage
148897060694013918,Business Income,148897060788385320,149094407436776962,Income,Business Income
148897060694013918,Charitable Donations,148897060790482474,148897060748538948,Gifts & Donations,Charity
148897060694013918,Check,148897060851299924,148897060762170447,Other,Check
148897060694013918,Child Activities,148897060831376967,148897060756927563,Children,Child Activities
148897060694013918,Coffee Shops,148897060814599740,148897060752733256,Food & Dining,Coffee Shops
148897060694013918,Credit Card Payment,148897060867028576,148897060762170447,Other,Credit Card Payment
148897060694013918,Education,148897060835571273,148897060757976140,Education,Education
148897060694013918,Financial & Legal Services,148897060842911310,148897060761121870,Personal Financial,Financial & Legal Services
148897060694013918,Hair Care,149094981756531716,149096368478369381,Personal Care,
148897060694013918,Home Services,149091129757021197,148897060750636102,Home care and Furnishing,
148897060694013918,Kids Activities ,149095435917866059,149096277569975907,Kids,
148897060694013918,Medical/Dental,148897060838717003,148897060759024717,Health & Fitness,Dentist
148897060694013918,Phone & Utilities,148897060855494231,148897060763219024,Business Services,Business Utilities & Communication
148897060694013918,Public Transit,148897060794676781,148897060749587525,Auto & Transport,Public Transit
148897060694013918,Steph Discretionary ,149095218548061193,148897060755878986,Shopping,
148897060694013918,transfer,149908223993067331,149908091639706831,Business Financial,
148897060694013918,Transportation,148897060816696894,148897060754830409,Personal Travel,Entertainment & Recreation
148897060694013918,Transportation,149097221194003733,149097162043831913,Business Travel,
148897060694013918,Veterinarian,149095160519865351,149096232487499362,Pets,
148897060694013918,Video Services,149089948811933319,149096355752851044,Entertainment & Apps,
148897060694013918,Water Delivery,148897060807259702,148897060751684679,Bills & Utilities,Water
148897060694013918,Accounting/Bookeeping,148897060857591384,148897060763219024,Business Services,Employee Wages & Contract Labor
148897060694013918,Balance Adjustments,148897060869125729,148897060762170447,Other,Balance Adjustments
148897060694013918,Bank Fees,148897060845008463,148897060761121870,Personal Financial,Financial Fees
148897060694013918,Convenience Store Snacks,149094618677655544,148897060752733256,Food & Dining,
148897060694013918,Electricity,148897060808308279,148897060751684679,Bills & Utilities,Gas & Electric
148897060694013918,Gas,148897060795725358,148897060749587525,Auto & Transport,Gas
148897060694013918,Health & Fitnes Coaching,148897060839765580,148897060759024717,Health & Fitness,Fitness
148897060694013918,Home Furnishings,149091160459326479,148897060750636102,Home care and Furnishing,
148897060694013918,Meals,148897060821939777,148897060754830409,Personal Travel,Fun Money
148897060694013918,Meals,149097240548619542,149097162043831913,Business Travel,
148897060694013918,Miscellaneous,148897060853397077,148897060762170447,Other,Miscellaneous
148897060694013918,Misc Entertainment,149090051948820106,149096355752851044,Entertainment & Apps,
148897060694013918,Misc Shopping,149095232456373258,148897060755878986,Shopping,
148897060694013918,Paychecks,148897060786288166,149094407436776962,Income,Paychecks
148897060694013918,Personal Care Products,149095009110733829,149096368478369381,Personal Care,
148897060694013918,Toys,149095454738756684,149096277569975907,Kids,
148897060694013918,Allowance,162219136610743523,149096277569975907,Kids,
148897060694013918,Amazon,148897060824036930,148897060755878986,Shopping,Shopping
148897060694013918,Health Insurance,149094912428880898,148897060759024717,Health & Fitness,
148897060694013918,Interest,148897060787336743,149094407436776962,Income,Interest
148897060694013918,Internet ,148897060809356856,148897060751684679,Bills & Utilities,Internet & Cable
148897060694013918,Life Insurance,148897060848154193,148897060761121870,Personal Financial,Insurance
148897060694013918,Misc Recreation,149090090103355082,149096355752851044,Entertainment & Apps,
148897060694013918,Personal,148897060818794047,148897060754830409,Personal Travel,Personal
148897060694013918,Rent,148897060803065395,148897060750636102,Home care and Furnishing,Rent
148897060694013918,Restaurant & Delivery,162011394632594541,148897060752733256,Food & Dining,
148897060694013918,Service & Parts,148897060797822511,148897060749587525,Auto & Transport,Auto Maintenance
148897060694013918,Subcontractors,148897060859688538,148897060763219024,Business Services,Business Auto Expenses
148897060694013918,Apple Charges,157788050753337262,149096355752851044,Entertainment & Apps,
148897060694013918,Auto Insurance,149086349659747986,148897060749587525,Auto & Transport,
148897060694013918,Clothing,148897060825085507,148897060755878986,Shopping,Clothing
148897060694013918,Continuing Education,148897060860737115,148897060763219024,Business Services,Business Insurance
148897060694013918,Mobile Phone,148897060810405433,148897060751684679,Bills & Utilities,Phone
148897060694013918,Mortgage,148897060802016818,148897060750636102,Home care and Furnishing,Mortgage
148897060694013918,Pets,148897060819842624,148897060754830409,Personal Travel,Pets
148897060694013918,State Taxes,148897060849202770,148897060761121870,Personal Financial,Taxes
148897060694013918,Car Wash,149088188175234247,148897060749587525,Auto & Transport,
148897060694013918,Misc Business Services,148897060861785692,148897060763219024,Business Services,Office Supplies & Expenses
148897060694013918,Mortgage Payments,149091462456554699,148897060761121870,Personal Financial,
148897060694013918,Natural Gas,149088730087699784,148897060751684679,Bills & Utilities,
148897060694013918,Parking & Tolls,148897060798871088,148897060749587525,Auto & Transport,Parking & Tolls
148897060694013918,Restaurants,148897060813551163,148897060752733256,Food & Dining,Restaurants & Bars
148897060694013918,Electronics,148897060828231237,148897060755878986,Shopping,Electronics
148897060694013918,Federal Taxes,149094774023141374,148897060761121870,Personal Financial,
148897060694013918,Postage & Shipping,148897060864931422,148897060763219024,Business Services,Postage & Shipping
148897060694013918,Taxi & Ride Shares,148897060799919665,148897060749587525,Auto & Transport,Taxi & Ride Shares
148897060694013918,Vivint,149088903097496967,148897060751684679,Bills & Utilities,
148897060694013918,Cash & ATM,148897060846057040,148897060761121870,Personal Financial,Cash & ATM
148897060694013918,Furniture & Housewares,148897060827182660,148897060755878986,Shopping,Furniture & Housewares
148897060694013918,Office Rent,148897060863882845,148897060763219024,Business Services,Office Rent
148897060694013918,Transfer,149997580891469749,148897060761121870,Personal Financial,
148897060694013918,Business Travel & Meals,148897060858639961,148897060763219024,Business Services,Business Travel & Meals
159355882109911006,Air Travel,159359656051326558,159355882167581778,Travel,
159355882109911006,Auto Insurance,159355882200087645,169871812020649298,My Bills,Auto Payment
159355882109911006,Beauty (Shopping),159357522487524707,159448352286031343,Personal Care,
159355882109911006,Betterment,159463773511859282,166083104920289045,Investments,
159355882109911006,Chase Sapphire Reserve Annual Fee,159358264452562371,159358209676000408,Credit Card Annual Fees,
159355882109911006,Clothing,159355882227350644,159355882168630355,Shopping,Clothing
159355882109911006,Corepower Membership,159359970289630884,159355882171776086,Fitness,
159355882109911006,Costco Membership,159358333743513031,159358227563658393,Memberships/ Subscriptions,
159355882109911006,Crypto,159357539186097527,159376569064209793,Investments,
159355882109911006,Education,159355882234690682,159355882174921816,Other,Education
159355882109911006,Entertainment,159359246342274646,159359286739713212,Entertainment,
159355882109911006,Gas,159355882202184799,159355882163387470,Auto & Transport,Gas
159355882109911006,Gifts,159355882199039068,159355882162338893,Gifts & Celebrations,Gifts
159355882109911006,Interest,159355882193796184,159358952368749753,Income (Other),Interest
159355882109911006,Loan Repayment,159355882238884990,159355882173873239,Financial,Loan Repayment
159355882109911006,Paychecks,159355882192747607,159355882161290316,Income (Work),Paychecks
159355882109911006,Rent,159355882208476260,159355882164436047,Housing,Rent
159355882109911006,Restaurants,159355882217913452,159355882166533201,Food (Eating Out),Restaurants & Bars
159355882109911006,Return,159355882258807952,159355882177018970,Transfers,Transfer
159355882109911006,Utilities,159355882213719144,159355882165484624,House Bills,Gas & Electric
159355882109911006,Amazon Prime,159358343011876296,159358227563658393,Memberships/ Subscriptions,
159355882109911006,Auto Maintenance,159355882203233376,159355882163387470,Auto & Transport,Auto Maintenance
159355882109911006,Brows,159448406440787306,159448352286031343,Personal Care,
159355882109911006,Cash Deposit,159355882194844761,159358952368749753,Income (Other),Business Income
159355882109911006,Celebration (Food),159457833421094568,159355882162338893,Gifts & Celebrations,
159355882109911006,Chase Southwest Annual Fee,159358277814566341,159358209676000408,Credit Card Annual Fees,
159355882109911006,Commission,159359015269678671,159355882161290316,Income (Work),
159355882109911006,Corepower Incidentals,159360023292001960,159355882171776086,Fitness,
159355882109911006,Credit Card Payment,159355882259856529,159355882177018970,Transfers,Credit Card Payment
159355882109911006,Fast Food,159359557319507548,159355882166533201,Food (Eating Out),
159355882109911006,Financial & Legal Services,159355882239933567,159355882173873239,Financial,Financial & Legal Services
159355882109911006,Hobbies,159358815552650828,159355882168630355,Shopping,
159355882109911006,Home Improvement,159355882209524837,159355882164436047,Housing,Home Improvement
159355882109911006,Hotel/ Airbnb,159359674770505311,159355882167581778,Travel,
159355882109911006,Medical,159355882235739259,159355882171776086,Fitness,Medical
159355882109911006,Miscellaneous,159355882247273606,159355882174921816,Other,Miscellaneous
159355882109911006,Retirement,159378573971930294,166083104920289045,Investments,
159355882109911006,Water,159355882211621991,159355882165484624,House Bills,Water
159355882109911006,Balance Adjustments,159355882260905106,159355882177018970,Transfers,Balance Adjustments
159355882109911006,Celebration (Activity),159355882197990491,159355882162338893,Gifts & Celebrations,Charity
159355882109911006,Coffee/ Drinks,159355882218962029,159355882166533201,Food (Eating Out),Coffee Shops
159355882109911006,Dentist,159355882236787836,159355882171776086,Fitness,Dentist
159355882109911006,Financial Fees,159355882240982144,159355882173873239,Financial,Financial Fees
159355882109911006,Home Shopping,159355882228399221,159355882168630355,Shopping,Furniture & Housewares
159355882109911006,Internet & Cable,159355882214767721,159355882165484624,House Bills,Internet & Cable
159355882109911006,Investments,159378560214613173,166083104920289045,Investments,
159355882109911006,Lashes,159448457653239207,159448352286031343,Personal Care,
159355882109911006,Mortgage,159355882207427683,159355882164436047,Housing,Mortgage
159355882109911006,Other Fitness Classes,179809233034264423,159355882171776086,Fitness,
159355882109911006,Rental Car/ Transportation (Travel),159359751513685601,159355882167581778,Travel,
159355882109911006,SPIF,159355882195893338,159358952368749753,Income (Other),Other Income
159355882109911006,Spotify,159358374057065929,159358227563658393,Memberships/ Subscriptions,
159355882109911006,Taxi & Ride Shares,159355882206379106,159355882163387470,Auto & Transport,Taxi & Ride Shares
159355882109911006,Uncategorized,159355882245176452,159355882174921816,Other,Uncategorized
159355882109911006,Cash & ATM,159355882242030721,159355882173873239,Financial,Cash & ATM
159355882109911006,Drinking Water,169621162389126997,159355882165484624,House Bills,
159355882109911006,Fitness,159355882237836413,159355882171776086,Fitness,Fitness
159355882109911006,Food Delivery,159357536121109877,159355882166533201,Food (Eating Out),
159355882109911006,Food (Travel),159357522075434338,159355882167581778,Travel,
159355882109911006,Google One Storage,159358390641343947,159358227563658393,Memberships/ Subscriptions,
159355882109911006,Groceries - Home,159357521226087771,159358588150070426,Home,
159355882109911006,Lips,159448468200865192,159448352286031343,Personal Care,
159355882109911006,Mental Health,160013716018412560,159355882174921816,Other,
159355882109911006,Public Transit,159355882201136222,159355882163387470,Auto & Transport,Public Transit
159355882109911006,Settlement,159359077546704464,159358952368749753,Income (Other),
159355882109911006,Shopping,159355882226302067,159355882168630355,Shopping,Shopping
159355882109911006,Treasury Direct,159462914815147690,159355882177018970,Transfers,
159355882109911006,Alcohol/ Bars,159359535140027995,159355882166533201,Food (Eating Out),
159355882109911006,Apple iCloud Storage,159358407172144589,159358227563658393,Memberships/ Subscriptions,
159355882109911006,Car Phone,159355882215816298,159355882165484624,House Bills,Phone
159355882109911006,Entertainment (Travel),159357525130984815,159355882167581778,Travel,
159355882109911006,Etc,159355882229447798,159355882168630355,Shopping,Electronics
159355882109911006,Home Services,159358881365474893,159358588150070426,Home,
159355882109911006,Makeup,159448495018196394,159448352286031343,Personal Care,
159355882109911006,Parking & Tolls,159355882205330529,159355882163387470,Auto & Transport,Parking & Tolls
159355882109911006,Payback,166083243291426003,159355882177018970,Transfers,
159355882109911006,Postage,164266966901047238,159355882174921816,Other,
159355882109911006,Taxes,159355882244127875,159355882173873239,Financial,Taxes
159355882109911006,Tips,159359087563750993,159358952368749753,Income (Other),
159355882109911006,Accesories,159467828748468099,159355882168630355,Shopping,
159355882109911006,Car Wash,159465335794679379,159355882163387470,Auto & Transport,
159355882109911006,Cashback,159359107387080274,159358952368749753,Income (Other),
159355882109911006,Garbage,159355882210573414,159355882165484624,House Bills,Garbage
159355882109911006,Giftcard,166083297362296128,159355882177018970,Transfers,
159355882109911006,Groceries,159355882216864875,159355882166533201,Food (Eating Out),Groceries
159355882109911006,HBO Max,176272140317212047,159358227563658393,Memberships/ Subscriptions,
159355882109911006,Home/ Personal Care stuff,159453781899590810,159358588150070426,Home,
159355882109911006,Insurance,159355882243079298,159355882173873239,Financial,Insurance
159355882109911006,Shopping (Travel),159357523764690278,159355882167581778,Travel,
159355882109911006,Skincare,159448511847841195,159448352286031343,Personal Care,
159355882109911006,Sweets,159454607619636767,159355882166533201,Food (Eating Out),
159355882109911006,Alcohol (Travel),159357523982794088,159355882167581778,Travel,
159355882109911006,Apps,159812697275743380,159358227563658393,Memberships/ Subscriptions,
159355882109911006,Bonus,159381540391337526,159358952368749753,Income (Other),
159355882109911006,Electronics,159921172731378857,159355882168630355,Shopping,
159355882109911006,Hair Removal,159448563105381864,159448352286031343,Personal Care,
159355882109911006,Home Essentials,160738899333201779,159358588150070426,Home,
159355882109911006,Reimbursed (Work),166083381599649648,159355882177018970,Transfers,
159355882109911006,Cash (Travel),159357524640251243,159355882167581778,Travel,
159355882109911006,Etc,159359113756130899,159358952368749753,Income (Other),
159355882109911006,Etc (Subscriptions),160743663572860646,159358227563658393,Memberships/ Subscriptions,
159355882109911006,Hair,159448579062611433,159448352286031343,Personal Care,
159355882109911006,Reimbursed,166083425645084655,159355882177018970,Transfers,
159355882109911006,AX,159376324980883178,159358952368749753,Income (Other),
159355882109911006,Etc (Travel),159357523967065447,159355882167581778,Travel,
159355882109911006,Nails,159448588429540842,159448352286031343,Personal Care,
159355882109911006,Transfer,166488068535598523,159355882177018970,Transfers,
159355882109911006,Gas (Travel),159449205928607516,159355882167581778,Travel,
159355882109911006,Health,160015090328256498,159448352286031343,Personal Care,
159355882109911006,Tax Return,159456235898780677,159358952368749753,Income (Other),
159355882109911006,TBill Transfer,181035262980636561,159355882177018970,Transfers,
159355882109911006,Leftover Work Expense,167774061835304854,159358952368749753,Income (Other),
159355882109911006,Piercing,160898031214378321,159448352286031343,Personal Care,
159355882109911006,WiFi,160644886904159867,159355882167581778,Travel,
159355882109911006,Check,159355882246225029,159355882174921816,Other,Check
159355882109911006,Souvenir,178298866157207260,159355882167581778,Travel,
159355882109911006,Tattoo,161372219954937511,159448352286031343,Personal Care,
159355882109911006,TBill Interest,181035016254897878,159358952368749753,Income (Other),
159355882109911006,Travel & Vacation,159355882220010606,159355882167581778,Travel,Travel & Vacation
159355882109911006,Pets,159355882224204913,159355882167581778,Travel,Pets
159355882109911006,Entertainment & Recreation,159355882222107759,159355882167581778,Travel,Entertainment & Recreation
159355882109911006,Personal,159355882223156336,159355882167581778,Travel,Personal
159355882109911006,Fun Money,159355882225253490,159355882167581778,Travel,Fun Money
159355882109911006,Student Loans,159355882232593529,159355882174921816,Other,Student Loans
159355882109911006,Advertising & Promotion,159355882248322183,159355882174921816,Other,Advertising & Promotion
159355882109911006,Business Travel & Meals,159355882252516490,159355882174921816,Other,Business Travel & Meals
159355882109911006,Business Insurance,159355882254613644,159355882174921816,Other,Business Insurance
159355882109911006,Office Rent,159355882256710798,159355882174921816,Other,Office Rent
159355882109911006,Postage & Shipping,159355882257759375,159355882174921816,Other,Postage & Shipping
159355882109911006,Office Supplies & Expenses,159355882255662221,159355882174921816,Other,Office Supplies & Expenses
159355882109911006,Business Utilities & Communication,159355882249370760,159355882174921816,Other,Business Utilities & Communication
159355882109911006,Employee Wages & Contract Labor,159355882251467913,159355882174921816,Other,Employee Wages & Contract Labor
159355882109911006,Business Auto Expenses,159355882253565067,159355882174921816,Other,Business Auto Expenses
159355882109911006,Child Care,159355882230496375,159355882174921816,Other,Child Care
159355882109911006,Child Activities,159355882231544952,159355882174921816,Other,Child Activities
157316680474050750,Advertising & Promotion,157316680728855400,157316680582054392,Business,Advertising & Promotion
157316680474050750,Airfare,157716631326704444,157716613931877213,Travel,
157316680474050750,Auto Payment,157316680672232254,157316680567374317,Auto & Transport,Auto Payment
157316680474050750,Charity,157316680670135100,157316680566325740,Gifts & Donations,Charity
157316680474050750,Child Care,157316680707883864,157316680575762931,Children,Child Care
157316680474050750,Entertainment & Recreation,157316680697398096,157316680572617201,Lifestyle,Entertainment & Recreation
157316680474050750,Garbage,157316680684815175,157316680570520047,Bills & Utilities,Garbage
157316680474050750,Groceries,157316680692155212,157316680571568624,Food & Dining,Groceries
157316680474050750,Loan Repayment,157316680717321055,157316680579957238,Financial,Loan Repayment
157316680474050750,Medical,157316680713126748,157316680577860085,Health & Wellness,Medical
157316680474050750,Mortgage,157316680680620868,157316680569471470,Housing,Mortgage
157316680474050750,Parking Ticket,157717519733769092,157717475123151725,Fees and Charges,
157316680474050750,Paychecks,157316680663843640,157316680565277163,Income,Paychecks
157316680474050750,Shopping,157316680702640980,157316680574714354,Shopping,Shopping
157316680474050750,Student Loans,157316680711029594,157316680576811508,Education,Student Loans
157316680474050750,Transfer,157316680741438321,157316680583102969,Transfers,Transfer
157316680474050750,Uncategorized,157316680725709669,157316680581005815,Other,Uncategorized
157316680474050750,Business Utilities & Communication,157316680730952553,157316680582054392,Business,Business Utilities & Communication
157316680474050750,Check,157316680726758246,157316680581005815,Other,Check
157316680474050750,Child Activities,157316680709981017,157316680575762931,Children,Child Activities
157316680474050750,Clothing,157316680703689557,157316680574714354,Shopping,Clothing
157316680474050750,Credit Card Payment,157316680742486898,157316680583102969,Transfers,Credit Card Payment
157316680474050750,Dentist,157316680715223901,157316680577860085,Health & Wellness,Dentist
157316680474050750,Education Programs,157316680712078171,157316680576811508,Education,Education
157316680474050750,Financial & Legal Services,157316680719418208,157316680579957238,Financial,Financial & Legal Services
157316680474050750,Gifts,157316680671183677,157316680566325740,Gifts & Donations,Gifts
157316680474050750,Interest,157316680665940793,157316680565277163,Income,Interest
157316680474050750,Personal Care,157316680698446673,157316680572617201,Lifestyle,Personal
157316680474050750,Public Transit,157316680674329407,157316680567374317,Auto & Transport,Public Transit
157316680474050750,Rent,157316680682718021,157316680569471470,Housing,Rent
157316680474050750,Rental Car & Transportation,157716673179566909,157716613931877213,Travel,
157316680474050750,Restaurants,157316680693203789,157316680571568624,Food & Dining,Restaurants & Bars
157316680474050750,Traffic Ticket,157717534943363973,157717475123151725,Fees and Charges,
157316680474050750,Water,157316680685863752,157316680570520047,Bills & Utilities,Water
157316680474050750,Balance Adjustments,157316680744584051,157316680583102969,Transfers,Balance Adjustments
157316680474050750,Bank Fees,157717553570268038,157717475123151725,Fees and Charges,
157316680474050750,Business Income,157316680666989370,157316680565277163,Income,Business Income
157316680474050750,Coffee Shops & Smoothies,157316680694252366,157316680571568624,Food & Dining,Coffee Shops
157316680474050750,Employee Wages & Contract Labor,157316680732001130,157316680582054392,Business,Employee Wages & Contract Labor
157316680474050750,Financial Advice,157316680720466785,157316680579957238,Financial,Financial Fees
157316680474050750,Fitness & Gym,157316680716272478,157316680577860085,Health & Wellness,Fitness
157316680474050750,Furniture & Housewares,157316680705786710,157316680574714354,Shopping,Furniture & Housewares
157316680474050750,Gas,157316680675377984,157316680567374317,Auto & Transport,Gas
157316680474050750,Gas & Electric,157316680687960905,157316680570520047,Bills & Utilities,Gas & Electric
157316680474050750,Home Improvement,157316680683766598,157316680569471470,Housing,Home Improvement
157316680474050750,Hotel Lodging,157717003204182911,157716613931877213,Travel,
157316680474050750,Miscellaneous,157316680727806823,157316680581005815,Other,Miscellaneous
157316680474050750,Pets,157316680700543826,157316680572617201,Lifestyle,Pets
157316680474050750,Alcohol and Bars,157719058974130317,157316680571568624,Food & Dining,
157316680474050750,Auto Maintenance,157316680676426561,157316680567374317,Auto & Transport,Auto Maintenance
157316680474050750,Business Travel & Meals,157316680733049707,157316680582054392,Business,Business Travel & Meals
157316680474050750,Cash & ATM,157717314139472771,157316680581005815,Other,
157316680474050750,Electronics,157316680706835287,157316680574714354,Shopping,Electronics
157316680474050750,Finance Charges,157717570091631495,157717475123151725,Fees and Charges,
157316680474050750,Foodie Comer ,157717085207020416,157716613931877213,Travel,
157316680474050750,Fun Money,157316680701592403,157316680572617201,Lifestyle,Fun Money
157316680474050750,Home Services,157716765331571518,157316680569471470,Housing,
157316680474050750,Internet & Cable,157316680689009482,157316680570520047,Bills & Utilities,Internet & Cable
157316680474050750,Life Insurance,157316680722563939,157316680579957238,Financial,Insurance
157316680474050750,Other Income,157316680669086523,157316680565277163,Income,Other Income
157316680474050750,Sell,169531219703644615,157316680583102969,Transfers,Sell
157316680474050750,Supplements,157717779498550153,157316680577860085,Health & Wellness,
157316680474050750,Anaâ€™s Credit Cards,157739488832274441,157316680581005815,Other,
157316680474050750,Beverages,157719100131786894,157316680571568624,Food & Dining,
157316680474050750,Bonus,157318810700235757,157316680565277163,Income,
157316680474050750,Books,157717880150311821,157316680574714354,Shopping,
157316680474050750,Business Auto Expenses,157316680735146860,157316680582054392,Business,Business Auto Expenses
157316680474050750,Buy,170177147268645815,157316680583102969,Transfers,Buy
157316680474050750,Eyecare,157717814460171147,157316680577860085,Health & Wellness,
157316680474050750,Hair,157718061521454027,157316680572617201,Lifestyle,
157316680474050750,Home Supplies,157716800773440320,157316680569471470,Housing,
157316680474050750,Parking & Tolls,157316680678523714,157316680567374317,Auto & Transport,Parking & Tolls
157316680474050750,Phone,157316680690058059,157316680570520047,Bills & Utilities,Phone
157316680474050750,Taxes,157316680724661092,157316680579957238,Financial,Taxes
157316680474050750,Travel & Vacation,157316680696349519,157316680572617201,Lifestyle,Travel & Vacation
157316680474050750,Vacation Experiences,157717259561091970,157716613931877213,Travel,
157316680474050750,Business Insurance,157316680736195437,157316680582054392,Business,Business Insurance
157316680474050750,Fast Food,157719139831922831,157316680571568624,Food & Dining,
157316680474050750,Home Insurance,157718849911144586,157316680569471470,Housing,
157316680474050750,Laundry + Dry Cleaning,157718082971124684,157316680572617201,Lifestyle,
157316680474050750,Melissa's Support,173026517498348001,157316680581005815,Other,
157316680474050750,Pharmacy,157717833837855628,157316680577860085,Health & Wellness,
157316680474050750,Savings + Investments,157316680721515362,157316680579957238,Financial,Cash & ATM
157316680474050750,Sporting Goods,157717956060922826,157316680574714354,Shopping,
157316680474050750,Taxi & Ride Shares,157316680679572291,157316680567374317,Auto & Transport,Taxi & Ride Shares
157316680474050750,Tax Refund,157828127117426784,157316680565277163,Income,
157316680474050750,Art & Collectibles,173026445330104505,157316680574714354,Shopping,
157316680474050750,Auto Insurance,157716923821736769,157316680567374317,Auto & Transport,
157316680474050750,Food Delivery,157726158879080466,157316680571568624,Food & Dining,
157316680474050750,Mental Wellness,157718148789191630,157316680577860085,Health & Wellness,
157316680474050750,Office Supplies & Expenses,157316680737244014,157316680582054392,Business,Office Supplies & Expenses
157316680474050750,Spa & Massage,157718099107660749,157316680572617201,Lifestyle,
157316680474050750,Newspapers and Magazines,157718236135572431,157316680572617201,Lifestyle,
157316680474050750,Office Rent,157316680739341167,157316680582054392,Business,Office Rent
157316680474050750,Postage & Shipping,157316680740389744,157316680582054392,Business,Postage & Shipping
157316680474050750,Productivity Tools,157718468726505605,157316680582054392,Business,
158631315060502049,Clothing,158645672684236061,158645660479860263,Shopping,
158631315060502049,Cosmetic,158646408011787590,158646393581284911,Personal Care,
158631315060502049,Dividends & Capital Gains,168979586822909906,158631315163262892,Income,Dividends & Capital Gains
158631315060502049,Gas & Fuel,158645897016585514,158645867844152873,Auto & Transport,
158631315060502049,Gifts,158646334065159491,158646323626585646,Gifts & Donations,
158631315060502049,Groceries,158641522717175170,158641474145037637,Food & Dining,
158631315060502049,Gym,158646571414531409,158646555023191601,Health & Fitness,
158631315060502049,Hotel,158646506950176077,158646493520014896,Travel,
158631315060502049,LTC insurance,158646262945492286,158646229390011948,Financial,
158631315060502049,Mortgage,158641363108179320,158641347836718404,Home,
158631315060502049,Pet Food & Supplies,158646181138738490,158646169618034219,Pets,
158631315060502049,Salary,158647547597893079,158647533603597905,Income,
158631315060502049,Subscription Services,158646082628169011,158646066168671786,Entertainment,
158631315060502049,Taxes,158658234873229111,158658226666024834,IRS,
158631315060502049,Transfer,158631315436941092,158631315235614650,Transfers,Transfer
158631315060502049,Uncategorized,158631315362492184,158631315233517496,Other,Uncategorized
158631315060502049,Utilities,158645783346752804,158645768591191592,Bills & Utilities,
158631315060502049,Wedding,158646972790549972,158646947953978960,Wedding,
158631315060502049,Air & Travel,158646516697738574,158646493520014896,Travel,
158631315060502049,Charity,158646384765906245,158646323626585646,Gifts & Donations,
158631315060502049,Credit Card Payment,158631315437989669,158631315235614650,Transfers,Credit Card Payment
158631315060502049,Dentist,158646582427725138,158646555023191601,Health & Fitness,
158631315060502049,Dining Out,158641546231492031,158641474145037637,Food & Dining,
158631315060502049,Disability Insurance,158646274822712639,158646229390011948,Financial,
158631315060502049,Electronics & Software,158645686401707294,158645660479860263,Shopping,
158631315060502049,Hair,158646424281492807,158646393581284911,Personal Care,
158631315060502049,HOA Dues,158641377819700601,158641347836718404,Home,
158631315060502049,Home Phone & Internet,158645796701416741,158645768591191592,Bills & Utilities,
158631315060502049,Interest,158649452891942722,158647533603597905,Income,
158631315060502049,Investments,168980658531544436,158631315163262892,Income,
158631315060502049,Movies & DVDs,158646093735734580,158646066168671786,Entertainment,
158631315060502049,Parking,158645906701233451,158645867844152873,Auto & Transport,
158631315060502049,Pet Grooming,158646192778980667,158646169618034219,Pets,
158631315060502049,Alarms,158645814956076327,158645768591191592,Bills & Utilities,
158631315060502049,Amusements,158646102986272054,158646066168671786,Entertainment,
158631315060502049,Balance Adjustments,158631315439038246,158631315235614650,Transfers,Balance Adjustments
158631315060502049,Coffee Shops,158641614227451390,158641474145037637,Food & Dining,
158631315060502049,Doctor,158646592137538899,158646555023191601,Health & Fitness,
158631315060502049,Dry Cleaning & Laundry,158646441723505993,158646393581284911,Personal Care,
158631315060502049,Financial Advisor,158646282964905280,158646229390011948,Financial,
158631315060502049,Postage & Shipping,158631315435892515,158631315233517496,Other,Postage & Shipping
158631315060502049,Property Tax,158641391690263930,158641347836718404,Home,
158631315060502049,Rental Car & Taxi,158646526924500303,158646493520014896,Travel,
158631315060502049,Service & Parts,158645935133371692,158645867844152873,Auto & Transport,
158631315060502049,Shareworks,158656744979902189,158647533603597905,Income,
158631315060502049,Sporting Goods,158645699052776735,158645660479860263,Shopping,
158631315060502049,Veterinary,158646208323071292,158646169618034219,Pets,
158631315060502049,Arts,158646123846642999,158646066168671786,Entertainment,
158631315060502049,Buy,168979586870095827,158631315235614650,Transfers,Buy
158631315060502049,Eyecare,158646605224815956,158646555023191601,Health & Fitness,
158631315060502049,Hobbies,158645714040073504,158645660479860263,Shopping,
158631315060502049,Home Improvement,158641404678974843,158641347836718404,Home,
158631315060502049,Life Insurance,158646293334273345,158646229390011948,Financial,
158631315060502049,Mobile Phone,158645840486804776,158645768591191592,Bills & Utilities,
158631315060502049,Office Rent,158631315368783650,158631315233517496,Other,Office Rent
158631315060502049,"Public Transportation, Tolls & Uber",158645954686168366,158645867844152873,Auto & Transport,
158631315060502049,Spa & Massage,158646481141574987,158646393581284911,Personal Care,
158631315060502049,Takeout,158641624466796031,158641474145037637,Food & Dining,
158631315060502049,Vacation,158646540983807312,158646493520014896,Travel,
158631315060502049,Alcohol & Bars,158641635131862528,158641474145037637,Food & Dining,
158631315060502049,Amazon,158645741249572129,158645660479860263,Shopping,
158631315060502049,Auto Insurance,158645979817389359,158645867844152873,Auto & Transport,
158631315060502049,Health Insurance,158646613296754007,158646555023191601,Health & Fitness,
158631315060502049,Home Insurance,158641416531029372,158641347836718404,Home,
158631315060502049,Music,158646156956478776,158646066168671786,Entertainment,
158631315060502049,Office Supplies & Expenses,158631315368783649,158631315233517496,Other,Office Supplies & Expenses
158631315060502049,Sell,168979586913087444,158631315235614650,Transfers,Sell
158631315060502049,Tax Advisor,158646301176573250,158646229390011948,Financial,
158631315060502049,Television,158645857025994025,158645768591191592,Bills & Utilities,
158631315060502049,Auto Payment,158646047545961778,158645867844152873,Auto & Transport,
158631315060502049,Bank Fee,158694814441746103,158646229390011948,Financial,
158631315060502049,Books,158645753043954978,158645660479860263,Shopping,
158631315060502049,Home Supplies,158641425953533309,158641347836718404,Home,
158631315060502049,Pharmacy,158646623146028376,158646555023191601,Health & Fitness,
158631315060502049,Shipping,162156020077899033,158645768591191592,Bills & Utilities,
158631315060502049,Taxi & Ride Shares,158631315257634550,158631315233517496,Other,Taxi & Ride Shares
158631315060502049,Attorney,158694895936024249,158646229390011948,Financial,
158631315060502049,Driving school,164583473957252717,158645867844152873,Auto & Transport,
158631315060502049,Home Services,158641435466214782,158641347836718404,Home,
158631315060502049,Printing,165044709213809929,158645768591191592,Bills & Utilities,
158631315060502049,Sports,158646633488133465,158646555023191601,Health & Fitness,
158631315060502049,Taxes,158631315361443607,158631315233517496,Other,Taxes
158631315060502049,Business Insurance,158631315367735072,158631315233517496,Other,Business Insurance
158631315060502049,Furnishings,158641449423809919,158641347836718404,Home,
158631315060502049,Decor,159376557688696560,158641347836718404,Home,
158631315060502049,Phone,158631315336277758,158631315233517496,Other,Phone
158631315060502049,Parking & Tolls,158631315257634549,158631315233517496,Other,Parking & Tolls
158631315060502049,Insurance,158631315361443606,158631315233517496,Other,Insurance
158631315060502049,Fun Money,158631315342569222,158631315233517496,Other,Fun Money
158631315060502049,Business Auto Expenses,158631315367735071,158631315233517496,Other,Business Auto Expenses
158631315060502049,Pets,158631315341520645,158631315233517496,Other,Pets
158631315060502049,Internet & Cable,158631315335229181,158631315233517496,Other,Internet & Cable
158631315060502049,Electronics,158631315346763530,158631315233517496,Other,Electronics
158631315060502049,Cash & ATM,158631315360395029,158631315233517496,Other,Cash & ATM
158631315060502049,Business Travel & Meals,158631315366686494,158631315233517496,Other,Business Travel & Meals
158631315060502049,Auto Maintenance,158631315256585972,158631315233517496,Other,Auto Maintenance
158631315060502049,Personal,158631315340472068,158631315233517496,Other,Personal
158631315060502049,Miscellaneous,158631315363540762,158631315233517496,Other,Miscellaneous
158631315060502049,Home Improvement,158631315331034873,158631315233517496,Other,Home Improvement
158631315060502049,Gas & Electric,158631315334180604,158631315233517496,Other,Gas & Electric
158631315060502049,Gas,158631315255537395,158631315233517496,Other,Gas
158631315060502049,Furniture & Housewares,158631315344666377,158631315233517496,Other,Furniture & Housewares
158631315060502049,Fitness,158631315356200721,158631315233517496,Other,Fitness
158631315060502049,Financial Fees,158631315359346452,158631315233517496,Other,Financial Fees
158631315060502049,Employee Wages & Contract Labor,158631315365637917,158631315233517496,Other,Employee Wages & Contract Labor
158631315060502049,Coffee Shops,158631315338374913,158631315233517496,Other,Coffee Shops
158631315060502049,Business Income,158631315249245933,158631315233517496,Other,Business Income
158631315060502049,Water,158631315333132027,158631315233517496,Other,Water
158631315060502049,Travel & Vacation,158631315338374914,158631315233517496,Other,Travel & Vacation
158631315060502049,Student Loans,158631315350957837,158631315233517496,Other,Student Loans
158631315060502049,Restaurants & Bars,158631315337326336,158631315233517496,Other,Restaurants & Bars
158631315060502049,Public Transit,158631315254488818,158631315233517496,Other,Public Transit
158631315060502049,Paychecks,158631315248197355,158631315233517496,Other,Paychecks
158631315060502049,Mortgage,158631315259731703,158631315233517496,Other,Mortgage
158631315060502049,Loan Repayment,158631315357249298,158631315233517496,Other,Loan Repayment
158631315060502049,Medical,158631315352006415,158631315233517496,Other,Medical
158631315060502049,Shopping,158631315343617799,158631315233517496,Other,Shopping
158631315060502049,Rent,158631315260780280,158631315233517496,Other,Rent
158631315060502049,Other Income,158631315251343086,158631315233517496,Other,Other Income
158631315060502049,Interest,158631315249245932,158631315233517496,Other,Interest
158631315060502049,Groceries,158631315336277759,158631315233517496,Other,Groceries
158631315060502049,Gifts,158631315252391664,158631315233517496,Other,Gifts
158631315060502049,Garbage,158631315332083450,158631315233517496,Other,Garbage
158631315060502049,Financial & Legal Services,158631315358297875,158631315233517496,Other,Financial & Legal Services
158631315060502049,Entertainment & Recreation,158631315339423491,158631315233517496,Other,Entertainment & Recreation
158631315060502049,Education,158631315350957838,158631315233517496,Other,Education
158631315060502049,Dentist,158631315354103568,158631315233517496,Other,Dentist
158631315060502049,Clothing,158631315343617800,158631315233517496,Other,Clothing
158631315060502049,Child Care,158631315347812107,158631315233517496,Other,Child Care
158631315060502049,Child Activities,158631315349909260,158631315233517496,Other,Child Activities
158631315060502049,Check,158631315363540761,158631315233517496,Other,Check
158631315060502049,Charity,158631315252391663,158631315233517496,Other,Charity
158631315060502049,Business Utilities & Communication,158631315365637916,158631315233517496,Other,Business Utilities & Communication
158631315060502049,Auto Payment,158631315253440241,158631315233517496,Other,Auto Payment
158631315060502049,Advertising & Promotion,158631315364589339,158631315233517496,Other,Advertising & Promotion
120918667592024060,Advertising & Promotion,120918667833196391,120918667670667023,Business,Advertising & Promotion
120918667592024060,Auto Payment,120918667710512951,120918667651792644,Auto & Transport,Auto Payment
120918667592024060,Charity,120918667705270068,120918667649695491,Gifts & Donations,Charity
120918667592024060,Child Education,120918667802787670,120918667662278410,Children,
120918667592024060,Federal Income Tax,120918667874090864,120918667672764176,Taxes,
120918667592024060,Garbage,120918667765038916,120918667654938374,Bills & Utilities,Garbage
120918667592024060,Groceries,120918667776573257,120918667657035527,Food & Dining,Groceries
120918667592024060,Life Insurance,120918667820613472,120918667667521293,Financial,
120918667592024060,Medical,120918667813273436,120918667666472716,Health & Wellness,Medical
120918667592024060,Mortgage,120918667724144446,120918667652841221,Housing,Mortgage
120918667592024060,Paychecks,120918667698978609,120918667647598338,Income,Paychecks
120918667592024060,Shopping,120918667796496210,120918667660181257,Shopping,Shopping
120918667592024060,Student Loans,120918667808030553,120918667664375563,Education,Student Loans
120918667592024060,Transfer,120918667879333747,120918667674861329,Transfers,Transfer
120918667592024060,Travel & Vacation,120918667784961868,120918667659132680,Travel & Lifestyle,Travel & Vacation
120918667592024060,Uncategorized,120918667827953508,120918667669618446,Other,Uncategorized
120918667592024060,Business Utilities & Communication,120918667834244968,120918667670667023,Business,Business Utilities & Communication
120918667592024060,Check,120918667829002085,120918667669618446,Other,Check
120918667592024060,Child Care,120918667804884823,120918667662278410,Children,Child Care
120918667592024060,Clothing,120918667797544787,120918667660181257,Shopping,Clothing
120918667592024060,Credit Card Payment,120918667880382324,120918667674861329,Transfers,Credit Card Payment
120918667592024060,Dentist,120918667815370589,120918667666472716,Health & Wellness,Dentist
120918667592024060,Entertainment & Recreation,120918667787059021,120918667659132680,Travel & Lifestyle,Entertainment & Recreation
120918667592024060,Interest,120918667701075762,120918667647598338,Income,Interest
120918667592024060,Loan Repayment,120918667822710625,120918667667521293,Financial,Loan Repayment
120918667592024060,Public Transportation,120918667712610104,120918667651792644,Auto & Transport,Public Transit
120918667592024060,Religious Donations,120918667706318645,120918667649695491,Gifts & Donations,
120918667592024060,Rent,120918667726241599,120918667652841221,Housing,Rent
120918667592024060,Restaurants,120918667779718986,120918667657035527,Food & Dining,Restaurants & Bars
120918667592024060,State Income Tax,120918667875139441,120918667672764176,Taxes,
120918667592024060,Tuition,120918667810127706,120918667664375563,Education,Education
120918667592024060,Water & Garbage,120918667767136069,120918667654938374,Bills & Utilities,Water
120918667592024060,Balance Adjustments,120918667882479477,120918667674861329,Transfers,Balance Adjustments
120918667592024060,Books & Supplies,120918667812224859,120918667664375563,Education,
120918667592024060,Business Income,120918667703172915,120918667647598338,Income,Business Income
120918667592024060,Child Activities,120918667806981976,120918667662278410,Children,Child Activities
120918667592024060,Coffee Shops,120918667782864715,120918667657035527,Food & Dining,Coffee Shops
120918667592024060,Employee Wages & Contract Labor,120918667836342121,120918667670667023,Business,Employee Wages & Contract Labor
120918667592024060,Financial Fees,120918667823759202,120918667667521293,Financial,Financial Fees
120918667592024060,Fitness,120918667817467742,120918667666472716,Health & Wellness,Fitness
120918667592024060,Furniture & Housewares,120918667799641940,120918667660181257,Shopping,Furniture & Housewares
120918667592024060,Gas,120918667714707257,120918667651792644,Auto & Transport,Gas
120918667592024060,Gas & Electric,120918667769233222,120918667654938374,Bills & Utilities,Gas & Electric
120918667592024060,Gifts,120918667708415798,120918667649695491,Gifts & Donations,Gifts
120918667592024060,Home Improvement,120918667728338752,120918667652841221,Housing,Home Improvement
120918667592024060,Miscellaneous,120918667831099238,120918667669618446,Other,Miscellaneous
120918667592024060,Personal,120918667789156174,120918667659132680,Travel & Lifestyle,Personal
120918667592024060,Property Tax,120918667877236594,120918667672764176,Taxes,
120918667592024060,Business Travel & Meals,120918667837390698,120918667670667023,Business,Business Travel & Meals
120918667592024060,Cash & ATM,120918667825856355,120918667667521293,Financial,Cash & ATM
120918667592024060,Child Gear,124130995931266936,120918667662278410,Children,
120918667592024060,Computers & Electronics,120918667801739093,120918667660181257,Shopping,Electronics
120918667592024060,Fast Food & Treats,124110010636124002,120918667657035527,Food & Dining,
120918667592024060,Health Insurance,120918667818516319,120918667666472716,Health & Wellness,
120918667592024060,Homeowner Insurance,120918667730435905,120918667652841221,Housing,
120918667592024060,Maintenance,120918667715755834,120918667651792644,Auto & Transport,Auto Maintenance
120918667592024060,Other Income,131363671794859717,120918667647598338,Income,Other Income
120918667592024060,Pets,120918667790204751,120918667659132680,Travel & Lifestyle,Pets
120918667592024060,School & Day Care,124110402821373800,120918667664375563,Education,
120918667592024060,TV & Internet,120918667771330375,120918667654938374,Bills & Utilities,Internet & Cable
120918667592024060,Business Auto Expenses,120918667864653675,120918667670667023,Business,Business Auto Expenses
120918667592024060,Fun Money,120918667792301904,120918667659132680,Travel & Lifestyle,Fun Money
120918667592024060,Home Supplies,124131183274049404,120918667660181257,Shopping,
120918667592024060,Insurance,131365413673582155,120918667667521293,Financial,Insurance
120918667592024060,Parking,120918667717852987,120918667651792644,Auto & Transport,Parking & Tolls
120918667592024060,Phone,120918667773427528,120918667654938374,Bills & Utilities,Phone
120918667592024060,Renters Insurance,120918667759796034,120918667652841221,Housing,
120918667592024060,Toys,124131055105556345,120918667662278410,Children,
120918667592024060,Vision,124133470023269683,120918667666472716,Health & Wellness,
120918667592024060,Appliances & Home Accessories,124132210279791632,120918667660181257,Shopping,
120918667592024060,Auto Insurance,120918667719950140,120918667651792644,Auto & Transport,
120918667592024060,Business Insurance,120918667866750828,120918667670667023,Business,Business Insurance
120918667592024060,Child Supplies,124144041098559433,120918667662278410,Children,
120918667592024060,Lawn & Garden,120918667762941763,120918667652841221,Housing,
120918667592024060,Shipping,124130773637349169,120918667654938374,Bills & Utilities,
120918667592024060,Subscriptions,120918667794399057,120918667659132680,Travel & Lifestyle,
120918667592024060,Taxes,131366625306295755,120918667667521293,Financial,Taxes
120918667592024060,Art,124132342977084434,120918667660181257,Shopping,
120918667592024060,Home Maintenance,124129566429626021,120918667652841221,Housing,
120918667592024060,Legal & Professional,120918667868847981,120918667670667023,Business,Financial & Legal Services
120918667592024060,Software Subscription,124143834868826056,120918667654938374,Bills & Utilities,
120918667592024060,Taxi & Ride Sharing,120918667722047293,120918667651792644,Auto & Transport,Taxi & Ride Shares
120918667592024060,Holiday Decor & Costumes,124840240595156090,120918667660181257,Shopping,
120918667592024060,Moving and Storage,124135160129601040,120918667652841221,Housing,
120918667592024060,Office Supplies & Expenses,120918667869896558,120918667670667023,Business,Office Supplies & Expenses
120918667592024060,Office Rent,120918667871993711,120918667670667023,Business,Office Rent
120918667592024060,Postage & Shipping,131367864619319148,120918667670667023,Business,Postage & Shipping
120918667592024060,Professional Development,138224340289797875,120918667670667023,Business,
46630458279834348,Anuraag - Clothing,158538748415160683,158538733111193661,Anuraag,
46630458279834348,Charity,46630458917368163,46630458384691359,Gifts & Donations,Charity
46630458279834348,Child Care,46630459655565516,46630458589164010,Children,Child Care
46630458279834348,Federal Income Tax,46630460136862321,46630458811462010,Taxes,
46630458279834348,Gas & Electric,46630459300098888,46630458493743502,Bills & Utilities,Gas & Electric
46630458279834348,Groceries,46630459354624639,46630458514714796,Food & Dining,Groceries
46630458279834348,"Lauren - Skincare, Hair, Makeup",158448777069048830,158448940198113748,Lauren,
46630458279834348,Life Insurance,46630459806560505,46630458712896218,Financial,
46630458279834348,Medical,46630459735257475,46630458669904243,Health & Wellness,Medical
46630458279834348,Paychecks,46630458869133485,46630458347991816,Income,Paychecks
46630458279834348,Postage & Shipping,131366988423082399,46630458776858885,Business,Postage & Shipping
46630458279834348,Public Transportation,46630458984476970,46630458422440456,Auto & Transport,Public Transit
46630458279834348,Rent,46630459150152293,46630458467528828,Housing,Rent
46630458279834348,Shopping,46630459579019286,46630458553511962,Shopping,Shopping
46630458279834348,Transfer,46630460189290782,46630458836627629,Transfers,Transfer
46630458279834348,Travel & Vacation,46630459423830559,46630458534638167,Travel & Lifestyle,Travel & Vacation
46630458279834348,Uncategorized,46630459888349800,46630458750644367,Other,Uncategorized
46630458279834348,Anuraag - Dining Out,158538793114906988,158538733111193661,Anuraag,
46630458279834348,Balance Adjustments,71269191177188069,46630458836627629,Transfers,Balance Adjustments
46630458279834348,Check,46630459914564324,46630458750644367,Other,Check
46630458279834348,Child Activities,46630459670245753,46630458589164010,Children,Child Activities
46630458279834348,Clothing,46630459595796791,46630458553511962,Shopping,Clothing
46630458279834348,Dentist,46630459754132439,46630458669904243,Health & Wellness,Dentist
46630458279834348,Entertainment & Recreation,46630459442704660,46630458534638167,Travel & Lifestyle,Entertainment & Recreation
46630458279834348,Gas,46630459002303245,46630458422440456,Auto & Transport,Gas
46630458279834348,Gifts,46630458950922826,46630458384691359,Gifts & Donations,Gifts
46630458279834348,Home Improvement,46630459180560554,46630458467528828,Housing,Home Improvement
46630458279834348,Interest,46630458884862520,46630458347991816,Income,Interest
46630458279834348,Lauren - Clothing,158449056129724479,158448940198113748,Lauren,
46630458279834348,Loan Repayment,46630459825434963,46630458712896218,Financial,Loan Repayment
46630458279834348,Office Rent,46630460121133765,46630458776858885,Business,Office Rent
46630458279834348,Restaurants,46630459378741639,46630458514714796,Food & Dining,Restaurants & Bars
46630458279834348,State Income Tax,46630460151541930,46630458811462010,Taxes,
46630458279834348,Tuition,46630459702751591,46630458626912256,Education,Education
46630458279834348,TV & Internet,46630459317924489,46630458493743502,Bills & Utilities,Internet & Cable
46630458279834348,Anuraag - Gifts,158538808824672623,158538733111193661,Anuraag,
46630458279834348,Baby Prep,177840682705859468,46630458589164010,Children,
46630458279834348,Coffee Shops,46630459407053062,46630458514714796,Food & Dining,Coffee Shops
46630458279834348,Financial Fees,46630459839066239,46630458712896218,Financial,Financial Fees
46630458279834348,Fitness,46630459769860408,46630458669904243,Health & Wellness,Fitness
46630458279834348,Furniture & Housewares,46630459610477348,46630458553511962,Shopping,Furniture & Housewares
46630458279834348,Lauren - Personal Care,158449496458244164,158448940198113748,Lauren,
46630458279834348,Maintenance,46630459016982627,46630458422440456,Auto & Transport,Auto Maintenance
46630458279834348,Miscellaneous,46630459938681248,46630458750644367,Other,Miscellaneous
46630458279834348,Office Supplies & Expenses,46630460106453472,46630458776858885,Business,Office Supplies & Expenses
46630458279834348,Other Income,131361926846067370,46630458347991816,Income,Other Income
46630458279834348,Personal,46630459475211154,46630458534638167,Travel & Lifestyle,Personal
46630458279834348,Phone,46630459331555953,46630458493743502,Bills & Utilities,Phone
46630458279834348,Property Tax,46630460166222737,46630458811462010,Taxes,
46630458279834348,Renters Insurance,46630459236134927,46630458467528828,Housing,
46630458279834348,Student Loans,46630459685974268,46630458626912256,Education,Student Loans
46630458279834348,Alcohol & Bars,46635530224119935,46630458514714796,Food & Dining,
46630458279834348,Anuraag - Shopping,158538831287267697,158538733111193661,Anuraag,
46630458279834348,Business Income,46630458899542021,46630458347991816,Income,Business Income
46630458279834348,Computers & Electronics,46630459624108113,46630458553511962,Shopping,Electronics
46630458279834348,Credit Card Payment,46630459852698503,46630458836627629,Transfers,Credit Card Payment
46630458279834348,Lauren - Bar/Restaurants,158449637801046207,158448940198113748,Lauren,
46630458279834348,Lawn & Garden,46630459255010171,46630458467528828,Housing,
46630458279834348,Legal & Professional,46630460089676312,46630458776858885,Business,Financial & Legal Services
46630458279834348,Parking,46630459032711294,46630458422440456,Auto & Transport,Parking & Tolls
46630458279834348,Pets,46630459502474032,46630458534638167,Travel & Lifestyle,Pets
46630458279834348,Pregnancy (Medical),164713022245024401,46630458669904243,Health & Wellness,
46630458279834348,To Be Reimbursed,46635430253932892,46630458750644367,Other,
46630458279834348,Water,46630459283320891,46630458493743502,Bills & Utilities,Water
46630458279834348,Auto Insurance,46630459065217411,46630458422440456,Auto & Transport,
46630458279834348,Business Insurance,46630460076044304,46630458776858885,Business,Business Insurance
46630458279834348,Cash & ATM,46630459866329539,46630458712896218,Financial,Cash & ATM
46630458279834348,Cloud Storage,158447853319730046,46630458493743502,Bills & Utilities,
46630458279834348,Fun Money,46630459530785276,46630458534638167,Travel & Lifestyle,Fun Money
46630458279834348,Garbage,46630459269689857,46630458493743502,Bills & Utilities,Garbage
46630458279834348,Laundry,158450745438089717,46630458467528828,Housing,
46630458279834348,Lauren - Gifts,158450997675143732,158448940198113748,Lauren,
46630458279834348,Pregnancy (other) ,165141194834948934,46630458553511962,Shopping,
46630458279834348,Business Auto Expenses,46630460052975700,46630458776858885,Business,Business Auto Expenses
46630458279834348,Insurance,131364730311520320,46630458712896218,Financial,Insurance
46630458279834348,Lauren - General Shopping,158453144664911988,158448940198113748,Lauren,
46630458279834348,Subscriptions,46630459558048484,46630458534638167,Travel & Lifestyle,
46630458279834348,Taxi & Ride Sharing,46630459095626261,46630458422440456,Auto & Transport,Taxi & Ride Shares
46630458279834348,Business Travel & Meals,46630460027810647,46630458776858885,Business,Business Travel & Meals
46630458279834348,Concerts,158449725173641409,46630458534638167,Travel & Lifestyle,
46630458279834348,Lauren - travel,162615620794036845,158448940198113748,Lauren,
46630458279834348,Mortgage,46630459121841095,46630458467528828,Housing,Mortgage
46630458279834348,Taxes,131365831220899940,46630458712896218,Financial,Taxes
46630458279834348,Tolls,158447362630202168,46630458422440456,Auto & Transport,
46630458279834348,Auto Payment,46630458967700293,46630458422440456,Auto & Transport,Auto Payment
46630458279834348,Employee Wages & Contract Labor,46630460004741151,46630458776858885,Business,Employee Wages & Contract Labor
46630458279834348,Business Utilities & Communication,46630459982721030,46630458776858885,Business,Business Utilities & Communication
46630458279834348,Advertising & Promotion,46630459960701285,46630458776858885,Business,Advertising & Promotion
159346979435920035,Auto Payment,159346979518757571,159346979488348672,Auto & Transport,Auto Payment
159346979435920035,Education,159346979544972000,159346979493591562,Other,Education
159346979435920035,Groceries,159346979527146193,159346979489397251,Food & Dining,Groceries
159346979435920035,Loan Repayment,159346979548117732,159346979493591561,Financial,Loan Repayment
159346979435920035,Medical,159346979546020577,159346979492542984,Health & Wellness,Medical
159346979435920035,Mortgage,159346979522951881,159346979488348673,Housing,Mortgage
159346979435920035,Paychecks,159346979513514685,159346979486251518,Income,Paychecks
159346979435920035,Shopping,159346979532389081,159346979491494405,Shopping,Shopping
159346979435920035,Transfer,159346979558603510,159346979495688716,Transfers,Transfer
159346979435920035,Travel / Vacation,159346979529243348,159346979490445828,Travel & Lifestyle,Travel & Vacation
159346979435920035,Water / Sewer,159346979525049037,159346979489397250,Bills & Utilities,Water
159346979435920035,Clothing,159346979532389082,159346979491494405,Shopping,Clothing
159346979435920035,Credit Card Payment,159346979558603511,159346979495688716,Transfers,Credit Card Payment
159346979435920035,Entertainment / Recreation,159346979529243349,159346979490445828,Travel & Lifestyle,Entertainment & Recreation
159346979435920035,Financial / Legal Services,159346979548117733,159346979493591561,Financial,Financial & Legal Services
159346979435920035,Gas / Electric,159346979526097614,159346979489397250,Bills & Utilities,Gas & Electric
159346979435920035,Gas / Fuel,159346979519806149,159346979488348672,Auto & Transport,Gas
159346979435920035,Gifts,159346979517708994,159346979493591562,Other,Gifts
159346979435920035,Health / Fitness,159346979547069155,159346979492542984,Health & Wellness,Fitness
159346979435920035,Home Improvement / Maintenance,159346979524000459,159346979488348673,Housing,Home Improvement
159346979435920035,Interest,159346979514563262,159346979486251518,Income,Interest
159346979435920035,Restaurants / Bars / Fast Food,159346979528194770,159346979489397251,Food & Dining,Restaurants & Bars
159346979435920035,Auto Maintenance,159346979520854726,159346979488348672,Auto & Transport,Auto Maintenance
159346979435920035,Balance Adjustments,159346979559652088,159346979495688716,Transfers,Balance Adjustments
159346979435920035,Coffee,159346979528194771,159346979489397251,Food & Dining,Coffee Shops
159346979435920035,Financial Fees,159346979549166310,159346979493591561,Financial,Financial Fees
159346979435920035,Furniture / Housewares,159346979533437659,159346979491494405,Shopping,Furniture & Housewares
159346979435920035,Haircut,159409033983244555,159346979492542984,Health & Wellness,
159346979435920035,Internet / Cable,159346979526097615,159346979489397250,Bills & Utilities,Internet & Cable
159346979435920035,Other Income,159346979516660416,159346979486251518,Income,Other Income
159346979435920035,Personal,159346979530291926,159346979490445828,Travel & Lifestyle,Personal
159346979435920035,Rent,159346979522951882,159346979488348673,Housing,Rent
159346979435920035,Uncategorized,159346979551263466,159346979493591562,Other,Uncategorized
159346979435920035,Beauty,159415713124006391,159346979492542984,Health & Wellness,
159346979435920035,Business Income,159346979515611839,159346979486251518,Income,Business Income
159346979435920035,Electronics,159346979533437660,159346979491494405,Shopping,Electronics
159346979435920035,Fun Money,159346979531340504,159346979490445828,Travel & Lifestyle,Fun Money
159346979435920035,Investment,159348390530857131,159346979493591561,Financial,
159346979435920035,Miscellaneous,159346979552312044,159346979493591562,Other,Miscellaneous
159346979435920035,Parking / Tolls,159346979521903303,159346979488348672,Auto & Transport,Parking & Tolls
159346979435920035,Phone,159346979527146192,159346979489397250,Bills & Utilities,Phone
159346979435920035,Check,159346979552312043,159346979493591561,Financial,Check
159346979435920035,Dentist,159346979547069154,159346979492542984,Health & Wellness,Dentist
159346979435920035,Michael Elective,159348388962187430,159346979493591562,Other,
159346979435920035,Taxi / Ride Shares / Transit,159346979521903304,159346979488348672,Auto & Transport,Taxi & Ride Shares
159346979435920035,Trash,159349593615579501,159346979489397250,Bills & Utilities,
159346979435920035,Car / Auto Insurance,159409402631108938,159346979488348672,Auto & Transport,
159346979435920035,Cash / ATM,159346979549166311,159346979493591561,Financial,Cash & ATM
159346979435920035,Fellowship (Laura),159348389069142183,159346979493591562,Other,
159346979435920035,Garbage,159346979525049036,159346979489397250,Bills & Utilities,Garbage
159346979435920035,Insurance,159346979550214888,159346979493591561,Financial,Insurance
159346979435920035,Public Transit,159346979519806148,159346979488348672,Auto & Transport,Public Transit
159346979435920035,Reimbursable Work Expense,159348389173999784,159346979493591562,Other,
159346979435920035,Laura Elective,159348389268371625,159346979493591562,Other,
159346979435920035,Taxes,159346979550214889,159346979493591561,Financial,Taxes
159346979435920035,Housekeeping,159348391262763180,159346979488348673,Housing,
159346979435920035,Wedding,159348417179367601,159346979493591562,Other,
159346979435920035,Alcohol,159348405215115439,159346979489397251,Food & Dining,
159346979435920035,Pets,159346979531340503,159346979493591562,Other,Pets
159346979435920035,Service Fees,159353037776697645,159346979493591562,Other,
159346979435920035,Watches,159354541901298342,159346979493591562,Other,
159346979435920035,Postage & Shipping,159346979557554933,159346979493591562,Other,Postage & Shipping
159346979435920035,Charity,159346979517708993,159346979493591562,Other,Charity
159346979435920035,Office Rent,159346979557554932,159346979493591562,Other,Office Rent
159346979435920035,Office Supplies & Expenses,159346979556506355,159346979493591562,Other,Office Supplies & Expenses
159346979435920035,Business Insurance,159346979556506354,159346979493591562,Other,Business Insurance
159346979435920035,Business Auto Expenses,159346979555457777,159346979493591562,Other,Business Auto Expenses
159346979435920035,Business Travel & Meals,159346979554409200,159346979493591562,Other,Business Travel & Meals
159346979435920035,Employee Wages & Contract Labor,159346979554409199,159346979493591562,Other,Employee Wages & Contract Labor
159346979435920035,Business Utilities & Communication,159346979553360622,159346979493591562,Other,Business Utilities & Communication
159346979435920035,Advertising & Promotion,159346979553360621,159346979493591562,Other,Advertising & Promotion
159346979435920035,Child Activities,159346979543923422,159346979493591562,Other,Child Activities
159346979435920035,Child Care,159346979542874845,159346979493591562,Other,Child Care
159346979435920035,Student Loans,159346979544971999,159346979493591562,Other,Student Loans
158983138592092603,Advertising & Promotion,158983138753573323,158983138657104712,Business,Advertising & Promotion
158983138592092603,Charity,158983138679124383,158983138642424636,Gifts & Donations,Charity
158983138592092603,Garbage,158983138708484522,158983138645570367,Bills & Utilities,Garbage
158983138592092603,Groceries,158983138715824559,158983138647667520,Food & Dining,Groceries
158983138592092603,Jordan Auto Payment,158983138681221537,158983138643473213,Auto & Transport,Auto Payment
158983138592092603,Loan Repayment,158983138740990402,158983138653958982,Financial,Loan Repayment
158983138592092603,Medical,158983138735747519,158983138652910405,Health & Wellness,Medical
158983138592092603,Mortgage,158983138705338791,158983138644521790,Housing,Mortgage
158983138592092603,Personal Checking,158983138673881499,158983138641376059,Income,Paychecks
158983138592092603,Shopping,158983138725261751,158983138649764674,Shopping,Shopping
158983138592092603,Student Loans,158983138731553213,158983138651861828,Education,Student Loans
158983138592092603,Subscriptions,158983138729456059,158983138650813251,Subscriptions,Child Care
158983138592092603,Transfer,158983138764059092,158983138658153289,Transfers,Transfer
158983138592092603,Travel & Vacation,158983138718970290,158983138648716097,Travel & Lifestyle,Travel & Vacation
158983138592092603,Uncategorized,158983138750427592,158983138656056135,Other,Uncategorized
158983138592092603,Business Utilities & Communication,158983138755670476,158983138657104712,Business,Business Utilities & Communication
158983138592092603,Check,158983138751476169,158983138656056135,Other,Check
158983138592092603,Child Activities,158983138730504636,158983138650813251,Subscriptions,Child Activities
158983138592092603,Clothing,158983138726310328,158983138649764674,Shopping,Clothing
158983138592092603,Credit Card Payment,158983138765107669,158983138658153289,Transfers,Credit Card Payment
158983138592092603,Dentist,158983138737844672,158983138652910405,Health & Wellness,Dentist
158983138592092603,Education,158983138733650366,158983138651861828,Education,Education
158983138592092603,Entertainment & Recreation,158983138720018867,158983138648716097,Travel & Lifestyle,Entertainment & Recreation
158983138592092603,Financial & Legal Services,158983138742038979,158983138653958982,Financial,Financial & Legal Services
158983138592092603,Gifts,158983138680172960,158983138642424636,Gifts & Donations,Gifts
158983138592092603,Rent,158983138706387368,158983138644521790,Housing,Rent
158983138592092603,Restaurants & Bars,158983138716873136,158983138647667520,Food & Dining,Restaurants & Bars
158983138592092603,Sam Auto Payment,158983138683318690,158983138643473213,Auto & Transport,Public Transit
158983138592092603,Stanford,158983138674930076,158983138641376059,Income,Interest
158983138592092603,Water,158983138710581675,158983138645570367,Bills & Utilities,Water
158983138592092603,Balance Adjustments,158983138766156246,158983138658153289,Transfers,Balance Adjustments
158983138592092603,Business Income,158983138675978653,158983138641376059,Income,Business Income
158983138592092603,Coffee Shops,158983138717921713,158983138647667520,Food & Dining,Coffee Shops
158983138592092603,Employee Wages & Contract Labor,158983138756719053,158983138657104712,Business,Employee Wages & Contract Labor
158983138592092603,Financial Fees,158983138743087556,158983138653958982,Financial,Financial Fees
158983138592092603,Fitness,158983138739941825,158983138652910405,Health & Wellness,Fitness
158983138592092603,Furniture & Housewares,158983138727358905,158983138649764674,Shopping,Furniture & Housewares
158983138592092603,Gas,158983138699047331,158983138643473213,Auto & Transport,Gas
158983138592092603,Gas & Electric,158983138711630252,158983138645570367,Bills & Utilities,Gas & Electric
158983138592092603,Home Improvement,158983138707435945,158983138644521790,Housing,Home Improvement
158983138592092603,Miscellaneous,158983138752524746,158983138656056135,Other,Miscellaneous
158983138592092603,Personal,158983138721067444,158983138648716097,Travel & Lifestyle,Personal
158983138592092603,Auto Maintenance,158983138701144484,158983138643473213,Auto & Transport,Auto Maintenance
158983138592092603,Business Travel & Meals,158983138757767630,158983138657104712,Business,Business Travel & Meals
158983138592092603,Cash & ATM,158983138745184709,158983138653958982,Financial,Cash & ATM
158983138592092603,Electronics,158983138728407482,158983138649764674,Shopping,Electronics
158983138592092603,Golf,158989204205793683,158983138652910405,Health & Wellness,
158983138592092603,Internet & Cable,158983138713727405,158983138645570367,Bills & Utilities,Internet & Cable
158983138592092603,Other Income,158983138678075806,158983138641376059,Income,Other Income
158983138592092603,Pets,158983138722116021,158983138648716097,Travel & Lifestyle,Pets
158983138592092603,wedding,159188860823073045,158983138656056135,Other,
158983138592092603,Business Auto Expenses,158983138758816207,158983138657104712,Business,Business Auto Expenses
158983138592092603,Fun Money,158983138723164598,158983138648716097,Travel & Lifestyle,Fun Money
158983138592092603,"Grooming (hair, nails, etc)",159189252857327956,158983138652910405,Health & Wellness,
158983138592092603,Insurance,158983138747281862,158983138653958982,Financial,Insurance
158983138592092603,Parking & Tolls,158983138702193061,158983138643473213,Auto & Transport,Parking & Tolls
158983138592092603,Phone,158983138714775982,158983138645570367,Bills & Utilities,Phone
158983138592092603,Business Insurance,158983138759864784,158983138657104712,Business,Business Insurance
158983138592092603,Cleaning,159190392137249296,158983138645570367,Bills & Utilities,
158983138592092603,Dance Lessons,159190595982520849,158983138648716097,Travel & Lifestyle,
158983138592092603,fishing,159189442145218963,158983138652910405,Health & Wellness,
158983138592092603,Taxes,158983138749379015,158983138653958982,Financial,Taxes
158983138592092603,Taxi & Ride Shares,158983138703241638,158983138643473213,Auto & Transport,Taxi & Ride Shares
158983138592092603,Office Supplies & Expenses,158983138760913361,158983138657104712,Business,Office Supplies & Expenses
158983138592092603,Office Rent,158983138761961938,158983138657104712,Business,Office Rent
158983138592092603,Postage & Shipping,158983138763010515,158983138657104712,Business,Postage & Shipping
159549565112893425,Advertising & Promotion,159549565531274954,159549565314219435,Business,Advertising & Promotion
159549565112893425,Apps & Games,159551252002192423,159551632751672859,Entertainment,
159549565112893425,Auto Payment,159549565349871264,159549565300587936,Auto & Transport,Auto Payment
159549565112893425,Charity & Donations,159549565343579806,159549565240819103,Gifts & Donations,Charity
159549565112893425,Child Activities,159549565442145979,159549565308976550,Children,Child Activities
159549565112893425,Education,159549565444243133,159549565310025127,Education,Education
159549565112893425,Groceries & Misc,159549565424320174,159549565307927973,Shopping,Groceries
159549565112893425,Hair,159551724648873133,159551716023287324,Personal Care,
159549565112893425,Loan Repayment,159549565510303425,159549565312122281,Financial,Loan Repayment
159549565112893425,Medical,159549565447388862,159549565311073704,Health & Wellness,Medical
159549565112893425,Mortgage,159549565411737254,159549565302685089,Housing,Mortgage
159549565112893425,Paychecks,159549565332045466,159549565239770526,Income,Paychecks
159549565112893425,Restaurants & Bars,159549565426417327,159549565305830819,Food & Dining,Restaurants & Bars
159549565112893425,Training & Certifications,159679770028621478,159679741272472915,Professional,
159549565112893425,Transfer,159549565542809299,159549565315268012,Transfers,Transfer
159549565112893425,Travel & Vacation,159549565428514481,159549565306879396,Travel & Lifestyle,Travel & Vacation
159549565112893425,Uncategorized,159549565523934919,159549565313170858,Other,Uncategorized
159549565112893425,Water,159549565416980138,159549565303733666,Bills & Utilities,Water
159549565112893425,Alcohol,159550780835053532,159549565307927973,Shopping,
159549565112893425,Business Utilities & Communication,159549565531274955,159549565314219435,Business,Business Utilities & Communication
159549565112893425,Check,159549565526032072,159549565313170858,Other,Check
159549565112893425,Child Care,159549565441097402,159549565308976550,Children,Child Care
159549565112893425,Coffee Shops,159549565427465904,159549565305830819,Food & Dining,Coffee Shops
159549565112893425,Credit Card Payment,159549565545955028,159549565315268012,Transfers,Credit Card Payment
159549565112893425,Dentist & Orthodontist,159549565448437439,159549565311073704,Health & Wellness,Dentist
159549565112893425,Entertainment & Recreation,159549565430611634,159549565306879396,Travel & Lifestyle,Entertainment & Recreation
159549565112893425,Financial & Legal Services,159549565511352002,159549565312122281,Financial,Financial & Legal Services
159549565112893425,Gas,159549565356162722,159549565300587936,Auto & Transport,Gas
159549565112893425,Gas & Electric,159549565419077291,159549565303733666,Bills & Utilities,Gas & Electric
159549565112893425,Gifts,159549565345676959,159549565240819103,Gifts & Donations,Gifts
159549565112893425,Home Improvement,159549565412785832,159549565302685089,Housing,Home Improvement
159549565112893425,Interest,159549565333094043,159549565239770526,Income,Interest
159549565112893425,Memberships,159679788675448487,159679741272472915,Professional,
159549565112893425,School Lunch,159550844634611677,159549565310025127,Education,
159549565112893425,Spa Services,159551745152728238,159551716023287324,Personal Care,
159549565112893425,Tickets,159551259791014952,159551632751672859,Entertainment,
159549565112893425,Auto Maintenance,159549565406494371,159549565300587936,Auto & Transport,Auto Maintenance
159549565112893425,Balance Adjustments,159549565547003605,159549565315268012,Transfers,Balance Adjustments
159549565112893425,Employee Wages & Contract Labor,159549565532323532,159549565314219435,Business,Employee Wages & Contract Labor
159549565112893425,Event,159551274754194473,159551632751672859,Entertainment,
159549565112893425,Fast Food,159552405128559923,159549565305830819,Food & Dining,
159549565112893425,Financial Fees,159549565512400579,159549565312122281,Financial,Financial Fees
159549565112893425,Fitness,159549565450534592,159549565311073704,Health & Wellness,Fitness
159549565112893425,Home Maintenance & Hardware,159550978129870821,159549565302685089,Housing,
159549565112893425,Internet & Cable,159549565421174444,159549565303733666,Bills & Utilities,Internet & Cable
159549565112893425,Kids Shopping,159678975545654827,159549565308976550,Children,
159549565112893425,Miscellaneous,159549565528129225,159549565313170858,Other,Miscellaneous
159549565112893425,Other Income,159549565342531229,159549565239770526,Income,Other Income
159549565112893425,Personal,159549565431660211,159549565306879396,Travel & Lifestyle,Personal
159549565112893425,Products,159596438058122990,159551716023287324,Personal Care,
159549565112893425,Professional Services,159681682739249007,159679741272472915,Professional,
159549565112893425,Rent,159549565412785831,159549565302685089,Housing,Rent
159549565112893425,Shopping,159549565434805942,159549565307927973,Shopping,Shopping
159549565112893425,Student Loans,159549565443194556,159549565310025127,Education,Student Loans
159549565112893425,Activities,159588955936734728,159551632751672859,Entertainment,
159549565112893425,Allowance,173207150952136389,159549565308976550,Children,
159549565112893425,Bonus,159982326446505600,159549565239770526,Income,
159549565112893425,Business Income,159549565341482652,159549565239770526,Income,Business Income
159549565112893425,Business Travel & Meals,159549565533372109,159549565314219435,Business,Business Travel & Meals
159549565112893425,Cash & ATM,159549565514497732,159549565312122281,Financial,Cash & ATM
159549565112893425,Clothing,159549565439000247,159549565307927973,Shopping,Clothing
159549565112893425,Home Services,159551789869251760,159549565302685089,Housing,
159549565112893425,JT,159551166956387364,159549565313170858,Other,
159549565112893425,Mental Health,159550864089890783,159549565311073704,Health & Wellness,
159549565112893425,Parking & Tolls,159549565409640100,159549565300587936,Auto & Transport,Parking & Tolls
159549565112893425,Pets,159549565432708788,159549565306879396,Travel & Lifestyle,Pets
159549565112893425,Phone,159549565422223021,159549565303733666,Bills & Utilities,Phone
159549565112893425,Snacks & Drinks,159682534694665376,159549565305830819,Food & Dining,
159549565112893425,Business Auto Expenses,159549565534420686,159549565314219435,Business,Business Auto Expenses
159549565112893425,Dessert,159711658480975021,159549565305830819,Food & Dining,
159549565112893425,Fun Money,159549565433757365,159549565306879396,Travel & Lifestyle,Fun Money
159549565112893425,Home Goods,159549565440048824,159549565307927973,Shopping,Furniture & Housewares
159549565112893425,Home Other,165931579718188491,159549565302685089,Housing,
159549565112893425,Insurance,159549565516594885,159549565312122281,Financial,Insurance
159549565112893425,Sarah,159551172723555365,159549565313170858,Other,
159549565112893425,Subs & Memberships,159551552773635241,159549565303733666,Bills & Utilities,
159549565112893425,Taxi & Ride Shares,159549565410688677,159549565300587936,Auto & Transport,Taxi & Ride Shares
159549565112893425,Auto Insurance,159551397943000106,159549565300587936,Auto & Transport,
159549565112893425,Business Insurance,159549565536517839,159549565314219435,Business,Business Insurance
159549565112893425,Electronics,159549565440048825,159549565307927973,Shopping,Electronics
159549565112893425,Internet Services,159679380432305768,159549565303733666,Bills & Utilities,
159549565112893425,Public Transit,159549565350919841,159549565300587936,Auto & Transport,Public Transit
159549565112893425,Taxes,159549565516594886,159549565312122281,Financial,Taxes
159549565112893425,Work Expenses,159592317161782305,159679741272472915,Professional,
159549565112893425,Garbage,159549565414882985,159549565303733666,Bills & Utilities,Garbage
159549565112893425,Office Supplies & Expenses,159549565538614992,159549565314219435,Business,Office Supplies & Expenses
159549565112893425,Savings,159589649234214461,159549565312122281,Financial,
159549565112893425,CryptoCurrency,159591372088622100,159549565312122281,Financial,
159549565112893425,Office Rent,159549565540712145,159549565314219435,Business,Office Rent
159549565112893425,Investments,159591484050324502,159549565312122281,Financial,
159549565112893425,Postage & Shipping,159549565541760722,159549565314219435,Business,Postage & Shipping
158333774250510722,321 W Evelyn,158333774359562715,158333774307134198,Fixed Expenses,Mortgage
158333774250510722,C Business Expensess,158333774411991554,158333774318668544,Business,Business Travel & Meals
158333774250510722,Charity,158333774349076947,158333774305037044,Quality of life,Charity
158333774250510722,Child Activities,158333774388922864,158333774313425659,Children,Child Activities
158333774250510722,Entertainment,158333774378437095,158333774309231352,Fun Money,Entertainment & Recreation
158333774250510722,Paychecks,158333774342785487,158333774303988467,Income,Paychecks
158333774250510722,Transfer,158333774419331592,158333774319717121,Transfers,Transfer
158333774250510722,Uncategorized,158333774404651516,158333774317619967,Other,Uncategorized
158333774250510722,C fun money,158337634683718489,158333774309231352,Fun Money,
158333774250510722,Child Care,158333774387874287,158333774313425659,Children,Child Care
158333774250510722,Credit Card Payment,158333774420380169,158333774319717121,Transfers,Credit Card Payment
158333774250510722,Interest,158333774344882640,158333774303988467,Income,Interest
158333774250510722,Large household spending,158333774362708445,158333774305037044,Quality of life,Home Improvement
158333774250510722,Loan Repayment,158333774397311478,158333774317619967,Other,Loan Repayment
158333774250510722,S Business Expenses,158333774413040131,158333774318668544,Business,Business Auto Expenses
158333774250510722,Taxes,158333774403602939,158333774307134198,Fixed Expenses,Taxes
158333774250510722,Advertising & Promotion,158333774407797247,158333774318668544,Business,Advertising & Promotion
158333774250510722,Balance Adjustments,158333774421428746,158333774319717121,Transfers,Balance Adjustments
158333774250510722,Clothing,158333774384728556,158333774317619967,Other,Clothing
158333774250510722,Financial & Legal Services,158333774398360055,158333774307134198,Fixed Expenses,Financial & Legal Services
158333774250510722,Other Income,158333774348028370,158333774303988467,Income,Other Income
158333774250510722,S fun money,158337649776921435,158333774309231352,Fun Money,
158333774250510722,Travel & Vacation,158333774376339942,158333774305037044,Quality of life,Travel & Vacation
158333774250510722,Bills & Utilities,158333774366902752,158333774307134198,Fixed Expenses,Gas & Electric
158333774250510722,Bonus Income,165535213626461171,158333774303988467,Income,
158333774250510722,Business Income,158333774345931217,158333774303988467,Income,Business Income
158333774250510722,Business Utilities & Communication,158333774409894400,158333774318668544,Business,Business Utilities & Communication
158333774250510722,Fitness,158333774396262901,158333774317619967,Other,Fitness
158333774250510722,Treasuries,158357851650525682,158333774319717121,Transfers,
158333774250510722,Employee Wages & Contract Labor,158333774410942977,158333774318668544,Business,Employee Wages & Contract Labor
158333774250510722,Insurance,158333774402554362,158333774307134198,Fixed Expenses,Insurance
158333774250510722,Shopping,158333774382631403,158333774317619967,Other,Shopping
158333774250510722,Business Insurance,158333774414088708,158333774318668544,Business,Business Insurance
158333774250510722,Gas,158333774354319831,158333774317619967,Other,Gas
158333774250510722,Groceries,158333774371097059,158333774307134198,Fixed Expenses,Groceries
158333774250510722,Auto Maintenance,158333774355368408,158333774317619967,Other,Auto Maintenance
158333774250510722,Medical,158333774394165747,158333774307134198,Fixed Expenses,Medical
158333774250510722,Office Supplies & Expenses,158333774415137285,158333774318668544,Business,Office Supplies & Expenses
158333774250510722,Cat medical,158333774380534249,158333774307134198,Fixed Expenses,Pets
158333774250510722,Office Rent,158333774416185862,158333774318668544,Business,Office Rent
158333774250510722,Personal,158333774379485672,158333774317619967,Other,Personal
158333774250510722,Check,158333774405700093,158333774317619967,Other,Check
158333774250510722,Postage & Shipping,158333774417234439,158333774318668544,Business,Postage & Shipping
158333774250510722,Student Loans,158333774392068593,158333774307134198,Fixed Expenses,Student Loans
158333774250510722,Dentist,158333774395214324,158333774317619967,Other,Dentist
158333774250510722,Financial Fees,158333774399408632,158333774317619967,Other,Financial Fees
158333774250510722,Electronics,158333774386825710,158333774317619967,Other,Electronics
158333774250510722,Miscellaneous,158333774406748670,158333774317619967,Other,Miscellaneous
158333774250510722,Parking & Tolls,158333774357465561,158333774317619967,Other,Parking & Tolls
158333774250510722,Education,158333774393117170,158333774317619967,Other,Education
158333774250510722,Furniture & Housewares,158333774385777133,158333774317619967,Other,Furniture & Housewares
158333774250510722,Gifts,158333774350125524,158333774317619967,Other,Gifts
158333774250510722,Restaurants & Bars,158333774374242788,158333774317619967,Other,Restaurants & Bars
158333774250510722,Taxi & Ride Shares,158333774358514138,158333774317619967,Other,Taxi & Ride Shares
158333774250510722,Cash & ATM,158333774401505785,158333774317619967,Other,Cash & ATM
158333774250510722,Coffee Shops,158333774375291365,158333774317619967,Other,Coffee Shops
158333774250510722,Fun Money,158333774381582826,158333774317619967,Other,Fun Money
158333774250510722,Phone,158333774370048482,158333774317619967,Other,Phone
158333774250510722,Public Transit,158333774353271254,158333774317619967,Other,Public Transit
158333774250510722,Water,158333774365854175,158333774317619967,Other,Water
158333774250510722,Internet & Cable,158333774367951329,158333774317619967,Other,Internet & Cable
158333774250510722,Auto Payment,158333774351174101,158333774317619967,Other,Auto Payment
158333774250510722,Garbage,158333774363757022,158333774317619967,Other,Garbage
158333774250510722,Rent,158333774361659868,158333774317619967,Other,Rent
